feature,importance
away_teamTEAM_BALL_POSSESSION_season_average,0.005444163464463036
home_teamTEAM_BALL_POSSESSION_season_average,0.004185623627198432
home_teamTEAM_GAME_WON_season_average,0.0038207940921944684
home_teamTEAM_SHOTS_ON_TARGET_season_sum,0.0030018118262482
home_teamTEAM_GAME_WON_season_sum,0.002801723282523208
away_teamTEAM_GAME_LOST_season_average,0.0022039707850786696
away_player_PLAYER_ACCURATE_PASSES_season_average_sum,0.002148557859480686
away_teamTEAM_GAME_WON_season_sum,0.0020614548346665025
away_player_PLAYER_ACCURATE_PASSES_season_average_std,0.0020258986810631602
home_teamTEAM_SHOTS_TOTAL_season_average,0.002010434615762931
away_teamTEAM_SHOTS_ON_TARGET_season_average,0.001983480928721457
home_teamTEAM_SHOTS_ON_TARGET_season_average,0.0019169275097623475
home_player_PLAYER_BIG_CHANCES_MISSED_season_average_sum,0.0018603570993477652
home_player_PLAYER_GOALS_CONCEDED_season_sum_std,0.0017044745127827565
away_player_PLAYER_GOALS_CONCEDED_season_sum_std,0.001691648120772175
away_player_PLAYER_GOALS_CONCEDED_season_sum_mean,0.001664172243744307
home_player_PLAYER_GOALS_season_sum_sum,0.001583617438567329
home_player_PLAYER_GOALS_season_sum_std,0.0015500862060115084
away_teamTEAM_SHOTS_ON_TARGET_season_sum,0.0015228355737066943
home_player_PLAYER_GOALS_CONCEDED_5_last_match_average_std,0.0015118705751581663
away_player_PLAYER_GOALKEEPER_GOALS_CONCEDED_season_sum_std,0.0015095612703618071
home_teamTEAM_SHOTS_INSIDEBOX_season_average,0.001470221283287169
home_player_PLAYER_GOALS_CONCEDED_5_last_match_std_std,0.001466884367499055
home_player_PLAYER_GOALS_CONCEDED_season_sum_mean,0.0014426433376733558
home_player_PLAYER_GOALS_CONCEDED_season_average_std,0.001432542628178323
home_teamTEAM_GAME_LOST_season_sum,0.0014296021258998262
away_player_PLAYER_GOALS_CONCEDED_5_last_match_std_std,0.0014251420793764756
home_player_PLAYER_GOALS_CONCEDED_5_last_match_sum_std,0.0014148514869508947
home_teamTEAM_GAME_LOST_season_average,0.0014144524270460334
away_player_PLAYER_ACCURATE_PASSES_season_sum_sum,0.0013771575253272402
home_player_PLAYER_ASSISTS_season_sum_std,0.0013667684940613825
home_player_PLAYER_CAPTAIN_season_sum_std,0.0013571548199080772
away_player_PLAYER_GOALS_CONCEDED_season_std_std,0.0013565351039414762
home_player_PLAYER_BIG_CHANCES_MISSED_season_average_mean,0.001346471576507412
away_player_PLAYER_GOALS_CONCEDED_season_average_std,0.0013383275312328022
away_player_PLAYER_GOALS_CONCEDED_5_last_match_sum_std,0.0013351817678609573
home_player_PLAYER_GOALS_CONCEDED_season_std_std,0.0013341823400307101
away_player_PLAYER_GOALS_CONCEDED_season_sum_sum,0.0013068914786500468
away_teamTEAM_SHOTS_TOTAL_season_average,0.0012980159327624064
away_player_PLAYER_CAPTAIN_season_sum_std,0.0012799262989385584
home_player_PLAYER_YELLOWCARDS_season_sum_std,0.0012683454141297517
away_player_PLAYER_GOALS_season_average_std,0.0012639685215613348
away_teamTEAM_SHOTS_INSIDEBOX_season_average,0.0012611791281428547
home_player_PLAYER_GOALS_CONCEDED_season_average_mean,0.0012577797397083346
away_player_PLAYER_YELLOWCARDS_season_sum_std,0.0012556745511852182
away_player_PLAYER_GOALS_CONCEDED_5_last_match_average_std,0.0012544899351165713
away_player_PLAYER_GOALKEEPER_GOALS_CONCEDED_season_std_mean,0.0012325255795949375
home_player_PLAYER_GOALS_season_std_std,0.001225657505378603
away_player_PLAYER_GOALKEEPER_GOALS_CONCEDED_season_sum_mean,0.0012244089626390437
away_player_PLAYER_YELLOWCARDS_5_last_match_sum_std,0.0012221044556132339
away_player_PLAYER_GOALS_CONCEDED_season_average_mean,0.001216506171499385
home_player_PLAYER_STARTING_LINEUP_5_last_match_std_std,0.0012104027378932861
away_player_PLAYER_GOALKEEPER_GOALS_CONCEDED_season_std_std,0.0012051305203518358
away_player_PLAYER_YELLOWCARDS_season_average_std,0.001203483579378089
home_player_PLAYER_GOALS_season_average_std,0.0012011392085516624
away_player_PLAYER_STARTING_LINEUP_season_std_std,0.00119693802990184
home_player_PLAYER_MINUTES_PLAYED_5_last_match_std_std,0.0011814081757781849
home_player_PLAYER_YELLOWCARDS_5_last_match_std_std,0.001177919551440114
home_player_PLAYER_ASSISTS_season_average_std,0.0011757542237675787
home_player_PLAYER_GOALKEEPER_GOALS_CONCEDED_5_last_match_std_std,0.0011708128389488807
away_player_PLAYER_ASSISTS_season_sum_std,0.0011696514555930087
home_player_PLAYER_YELLOWCARDS_5_last_match_average_std,0.0011615238913486989
home_player_PLAYER_GOALS_CONCEDED_season_average_sum,0.0011561781731381784
away_player_PLAYER_YELLOWCARDS_5_last_match_average_std,0.0011542129693455127
away_player_PLAYER_ASSISTS_season_average_std,0.0011440805370750496
away_player_PLAYER_GOALKEEPER_GOALS_CONCEDED_5_last_match_std_std,0.0011438915590626549
away_player_PLAYER_GOALS_CONCEDED_season_std_sum,0.001143818059487759
away_player_PLAYER_GOALS_5_last_match_std_std,0.0011437201036054283
away_player_PLAYER_GOALS_season_std_std,0.0011427988185906334
away_player_PLAYER_MINUTES_PLAYED_season_std_std,0.0011404650496839486
home_player_PLAYER_GOALKEEPER_GOALS_CONCEDED_season_sum_std,0.0011401109836129417
home_player_PLAYER_GOALKEEPER_GOALS_CONCEDED_5_last_match_std_mean,0.001139596083100631
away_player_PLAYER_GOALS_season_sum_std,0.0011393358326278258
home_player_PLAYER_YELLOWCARDS_season_average_std,0.001136595102444497
home_player_PLAYER_GOALS_season_sum_mean,0.00113321488474586
home_player_PLAYER_CAPTAIN_season_sum_mean,0.001132779320149129
away_player_PLAYER_CAPTAIN_season_sum_mean,0.0011275788702321313
home_player_PLAYER_GOALS_CONCEDED_5_last_match_std_mean,0.0011263954128217263
home_player_PLAYER_YELLOWCARDS_season_std_std,0.0011251443585180568
away_player_PLAYER_STARTING_LINEUP_5_last_match_std_std,0.0011223011018142372
home_player_PLAYER_MINUTES_PLAYED_season_std_std,0.0011216697135088406
home_player_PLAYER_GOALS_CONCEDED_5_last_match_sum_sum,0.0011216197936113003
away_player_PLAYER_GOALKEEPER_GOALS_CONCEDED_5_last_match_std_mean,0.0011196719516399943
home_player_PLAYER_GOALS_CONCEDED_season_std_mean,0.0011141768371083578
home_player_PLAYER_GOALS_CONCEDED_5_last_match_sum_mean,0.0011121898234780464
away_player_PLAYER_ASSISTS_season_sum_mean,0.0010978405957703305
away_player_PLAYER_GOALS_CONCEDED_season_average_sum,0.0010961688736033496
away_teamTEAM_PASSES_season_average,0.0010908110637320632
away_player_PLAYER_MINUTES_PLAYED_5_last_match_std_std,0.0010880539094745025
home_player_PLAYER_STARTING_LINEUP_season_std_std,0.0010837793540473984
home_teamTEAM_DANGEROUS_ATTACKS_season_sum,0.0010836051209614627
home_player_PLAYER_GOALS_CONCEDED_season_sum_sum,0.0010828257296985658
home_player_PLAYER_YELLOWCARDS_5_last_match_sum_std,0.0010822504197669158
home_player_PLAYER_GOALS_CONCEDED_season_std_sum,0.0010743987590546057
away_player_PLAYER_BIG_CHANCES_CREATED_season_average_std,0.0010727474821981828
home_player_PLAYER_SHOTS_ON_TARGET_season_sum_sum,0.001066443933645622
away_teamTEAM_GAME_LOST_season_sum,0.0010639883453867655
away_player_PLAYER_GOALS_CONCEDED_season_std_mean,0.0010603835750461015
home_player_PLAYER_ASSISTS_season_std_std,0.0010560761202781175
away_player_PLAYER_YELLOWCARDS_season_std_std,0.0010501012637770693
away_player_PLAYER_YELLOWCARDS_5_last_match_std_std,0.0010438374315331492
home_player_PLAYER_GOALS_CONCEDED_5_last_match_average_sum,0.0010397933157777614
away_player_PLAYER_ASSISTS_season_std_std,0.0010345456843637308
home_player_PLAYER_GOALS_CONCEDED_5_last_match_average_mean,0.001032998408847574
away_player_PLAYER_GOALS_CONCEDED_5_last_match_std_mean,0.0010272461304713367
home_player_PLAYER_GOALS_CONCEDED_5_last_match_std_sum,0.0010252466767287016
away_player_PLAYER_GOALKEEPER_GOALS_CONCEDED_season_average_std,0.0010127747776736223
away_player_PLAYER_YELLOWCARDS_season_std_mean,0.0010113073773900664
home_player_PLAYER_ACCURATE_PASSES_PERCENTAGE_5_last_match_std_std,0.0009958939853558048
away_player_PLAYER_GOALKEEPER_GOALS_CONCEDED_season_average_mean,0.000983988962105813
home_player_PLAYER_GOALS_5_last_match_std_std,0.0009769791109358915
away_player_PLAYER_ASSISTS_5_last_match_std_std,0.0009728405761591923
home_player_PLAYER_GOALKEEPER_GOALS_CONCEDED_season_std_mean,0.0009721169296203811
away_player_PLAYER_BIG_CHANCES_CREATED_season_std_std,0.0009662708552478465
home_player_PLAYER_GOALKEEPER_GOALS_CONCEDED_season_std_std,0.0009643690818259197
away_player_PLAYER_CLEARANCES_season_sum_std,0.0009619684547822566
home_teamTEAM_DANGEROUS_ATTACKS_season_average,0.0009602887905908226
away_teamTEAM_BALL_SAFE_5_last_match_std,0.0009601204559085946
away_player_PLAYER_GOALS_5_last_match_sum_std,0.0009541546446931104
away_player_PLAYER_ASSISTS_5_last_match_sum_std,0.0009510779081218447
away_player_PLAYER_TACKLES_5_last_match_std_std,0.0009478539602261833
away_teamTEAM_BALL_SAFE_season_std,0.0009462775845261448
home_player_PLAYER_GOALS_season_average_sum,0.0009461524737899067
home_player_PLAYER_GOALKEEPER_GOALS_CONCEDED_season_average_std,0.0009431282710717071
home_player_PLAYER_GOALS_5_last_match_sum_std,0.0009375673971772887
away_player_PLAYER_GOALS_CONCEDED_5_last_match_std_sum,0.0009354589447482854
away_teamTEAM_SHOTS_TOTAL_season_sum,0.0009353265898572149
away_player_PLAYER_ASSISTS_season_std_sum,0.0009338923887247219
home_player_PLAYER_MINUTES_PLAYED_5_last_match_std_mean,0.0009318680718313112
home_player_PLAYER_YELLOWCARDS_5_last_match_std_mean,0.0009274239675694973
away_player_PLAYER_ASSISTS_season_average_mean,0.0009161445841759753
home_player_PLAYER_GOALKEEPER_GOALS_CONCEDED_season_sum_mean,0.0009139356412816703
away_player_PLAYER_GOALS_season_sum_mean,0.0009120477315572471
away_player_PLAYER_ACCURATE_PASSES_PERCENTAGE_season_std_std,0.0009081165044650118
away_player_PLAYER_GOALS_CONCEDED_5_last_match_average_mean,0.0009076831496377586
home_player_PLAYER_MINUTES_PLAYED_season_sum_sum,0.0009075051602733078
away_player_PLAYER_YELLOWCARDS_season_average_mean,0.000903051854221156
away_player_PLAYER_BLOCKED_SHOTS_season_sum_std,0.0008989275923556904
away_player_PLAYER_ASSISTS_5_last_match_average_std,0.0008988796607063283
away_player_PLAYER_MINUTES_PLAYED_5_last_match_std_mean,0.0008971878569577632
away_player_PLAYER_ASSISTS_season_sum_sum,0.0008971015961528061
home_player_PLAYER_ASSISTS_season_sum_mean,0.0008964748441219774
home_player_PLAYER_ASSISTS_season_std_mean,0.0008938459497101051
away_teamTEAM_GOALS_season_average,0.0008926155688983614
away_player_PLAYER_CLEARANCES_season_std_std,0.0008921081625576266
home_player_PLAYER_GOALKEEPER_GOALS_CONCEDED_season_average_mean,0.0008918561550010143
home_player_PLAYER_AERIALS_WON_5_last_match_std_std,0.0008917682469921367
away_player_PLAYER_ACCURATE_PASSES_PERCENTAGE_5_last_match_std_std,0.000887103824959288
home_player_PLAYER_RATING_season_std_std,0.0008869383165026723
away_player_PLAYER_ACCURATE_PASSES_season_average_mean,0.0008849029561032177
away_player_PLAYER_BLOCKED_SHOTS_season_average_std,0.0008847609724343188
away_player_PLAYER_GOALKEEPER_GOALS_CONCEDED_5_last_match_sum_std,0.0008801677350348783
home_player_PLAYER_YELLOWCARDS_season_std_mean,0.0008793559281434667
home_player_PLAYER_CLEARANCES_season_std_std,0.0008769257105570636
away_player_PLAYER_GOALS_CONCEDED_5_last_match_sum_mean,0.0008768689765961381
home_player_PLAYER_GOALS_season_average_mean,0.0008768567175841917
away_player_PLAYER_GOALS_season_average_mean,0.0008753670490878899
away_teamTEAM_GAME_WON_season_average,0.0008701281418288709
away_player_PLAYER_ASSISTS_season_std_mean,0.0008687748685769497
away_player_PLAYER_GOALS_CONCEDED_5_last_match_sum_sum,0.0008681773548276962
away_player_PLAYER_GOALS_5_last_match_std_mean,0.0008670712528251263
away_player_PLAYER_YELLOWCARDS_season_sum_mean,0.0008667665487695852
away_player_PLAYER_GOALS_5_last_match_average_std,0.0008648517741756504
away_player_PLAYER_SHOTS_ON_TARGET_season_sum_std,0.0008647601835292907
away_player_PLAYER_AERIALS_WON_5_last_match_std_std,0.0008636161855783609
away_player_PLAYER_BIG_CHANCES_CREATED_season_sum_mean,0.0008635038983914058
home_player_PLAYER_ASSISTS_5_last_match_std_std,0.0008619126392667941
away_player_PLAYER_MINUTES_PLAYED_season_average_std,0.0008616606607015661
home_player_PLAYER_YELLOWCARDS_season_average_mean,0.0008603613368692508
away_player_PLAYER_BIG_CHANCES_CREATED_season_average_mean,0.0008588348893705932
away_player_PLAYER_SUCCESSFUL_DRIBBLES_5_last_match_std_std,0.0008571881475359569
home_player_PLAYER_KEY_PASSES_5_last_match_std_std,0.0008569853206736298
away_player_PLAYER_MINUTES_PLAYED_season_std_mean,0.0008489694380512748
away_player_PLAYER_BIG_CHANCES_CREATED_season_sum_std,0.0008444152782366946
home_player_PLAYER_GOALS_season_std_mean,0.000840989918564841
away_player_PLAYER_ACCURATE_PASSES_PERCENTAGE_5_last_match_average_std,0.0008396513195603625
home_player_PLAYER_DRIBBLED_PAST_5_last_match_std_std,0.0008384052965031925
away_player_PLAYER_MINUTES_PLAYED_season_average_sum,0.000836133375873498
away_player_PLAYER_GOALKEEPER_GOALS_CONCEDED_5_last_match_average_std,0.0008360452460266178
away_player_PLAYER_TACKLES_season_std_std,0.0008360216786002053
home_teamTEAM_SHOTS_INSIDEBOX_season_sum,0.0008320172366534279
home_player_PLAYER_YELLOWCARDS_season_sum_mean,0.0008302135998771932
away_player_PLAYER_MINUTES_PLAYED_5_last_match_average_sum,0.0008290286424472101
home_player_PLAYER_SHOTS_ON_TARGET_5_last_match_std_std,0.0008275515903360609
away_player_PLAYER_YELLOWCARDS_5_last_match_std_mean,0.0008271593075290705
away_player_PLAYER_GOALS_season_average_sum,0.0008260333996325878
away_player_PLAYER_MINUTES_PLAYED_5_last_match_average_std,0.000823945422356737
home_player_PLAYER_ACCURATE_PASSES_PERCENTAGE_5_last_match_std_mean,0.0008237323476426384
away_player_PLAYER_YELLOWCARDS_season_average_sum,0.0008217564857268177
home_player_PLAYER_ACCURATE_PASSES_PERCENTAGE_season_std_mean,0.0008209861560285974
home_player_PLAYER_BLOCKED_SHOTS_5_last_match_std_std,0.0008190573639363077
away_player_PLAYER_ACCURATE_PASSES_PERCENTAGE_5_last_match_std_mean,0.0008186265958757197
home_player_PLAYER_MINUTES_PLAYED_season_average_sum,0.0008185177666017268
home_player_PLAYER_DRIBBLED_ATTEMPTS_5_last_match_std_std,0.0008165299142086929
away_player_PLAYER_ASSISTS_season_average_sum,0.0008155229787969874
home_player_PLAYER_TOTAL_DUELS_5_last_match_std_std,0.0008126664428122248
home_player_PLAYER_DRIBBLED_PAST_season_std_std,0.0008111224600582463
away_player_PLAYER_INTERCEPTIONS_season_sum_std,0.0008108986053815449
home_player_PLAYER_GOALKEEPER_GOALS_CONCEDED_5_last_match_average_std,0.0008101084422625613
home_player_PLAYER_ASSISTS_5_last_match_std_mean,0.0008091892663252965
home_player_PLAYER_STARTING_LINEUP_season_average_sum,0.0008087524167813716
away_player_PLAYER_ACCURATE_PASSES_season_std_std,0.0008083839501208672
home_player_PLAYER_GOALS_5_last_match_average_std,0.0008079864818372999
away_player_PLAYER_FOULS_season_std_std,0.0008074881800626206
home_player_PLAYER_INTERCEPTIONS_season_sum_std,0.0008063272411893319
away_player_PLAYER_STARTING_LINEUP_season_average_std,0.0008048723988869834
home_player_PLAYER_ACCURATE_PASSES_PERCENTAGE_5_last_match_average_mean,0.0008041273058751929
away_player_PLAYER_STARTING_LINEUP_season_sum_std,0.0008038596651121304
home_player_PLAYER_INTERCEPTIONS_season_std_std,0.0008032385411462023
home_player_PLAYER_SHOTS_ON_TARGET_season_sum_std,0.0008011752136261624
away_player_PLAYER_KEY_PASSES_season_average_mean,0.0008011338126089796
away_player_PLAYER_FOULS_DRAWN_5_last_match_std_std,0.0008002082268526172
away_player_PLAYER_BLOCKED_SHOTS_5_last_match_std_std,0.0007989094953739252
home_player_PLAYER_BLOCKED_SHOTS_season_average_std,0.0007988476719447285
home_player_PLAYER_YELLOWCARDS_season_sum_sum,0.0007982062699960859
away_player_PLAYER_GOALKEEPER_GOALS_CONCEDED_5_last_match_average_mean,0.0007974036849929701
away_player_PLAYER_ASSISTS_5_last_match_std_mean,0.000797279661911931
home_player_PLAYER_MINUTES_PLAYED_season_average_std,0.0007953286891638138
away_player_PLAYER_RATING_5_last_match_std_std,0.000794674457648578
home_player_PLAYER_ASSISTS_5_last_match_sum_std,0.000794320316704295
home_player_PLAYER_BIG_CHANCES_MISSED_season_average_std,0.0007941086308805755
home_player_PLAYER_YELLOWCARDS_5_last_match_std_sum,0.0007935959283632589
home_player_PLAYER_DUELS_LOST_5_last_match_std_std,0.0007932660950713653
home_player_PLAYER_YELLOWCARDS_season_std_sum,0.0007925948364676309
away_player_PLAYER_KEY_PASSES_season_sum_std,0.0007917196780095444
home_player_PLAYER_TACKLES_5_last_match_std_std,0.0007916624525037782
away_player_PLAYER_OFFSIDES_season_std_std,0.0007911701448645721
home_player_PLAYER_DRIBBLED_PAST_season_average_std,0.000790413109319015
away_player_PLAYER_KEY_PASSES_season_std_std,0.0007888181912167414
away_teamTEAM_BALL_SAFE_5_last_match_average,0.000788654801495293
away_player_PLAYER_ACCURATE_PASSES_season_sum_mean,0.00078857888021662
away_player_PLAYER_MINUTES_PLAYED_season_sum_std,0.0007885033270933473
away_player_PLAYER_DRIBBLED_ATTEMPTS_5_last_match_std_std,0.0007884412640547258
away_player_PLAYER_GOALS_season_std_mean,0.0007882993370229327
home_player_PLAYER_DRIBBLED_PAST_season_sum_std,0.0007861690516324184
away_player_PLAYER_SHOTS_TOTAL_5_last_match_std_std,0.0007849602306745862
away_player_PLAYER_OFFSIDES_season_average_std,0.0007827982017452917
home_player_PLAYER_PASSES_season_sum_std,0.0007819238804809669
home_player_PLAYER_RATING_5_last_match_std_std,0.0007817941493868777
away_player_PLAYER_ACCURATE_PASSES_PERCENTAGE_season_average_mean,0.0007816397640057665
home_player_PLAYER_CLEARANCES_season_average_mean,0.0007812844147028153
away_player_PLAYER_STARTING_LINEUP_season_average_sum,0.0007801423847417874
home_teamTEAM_SHOTS_TOTAL_season_sum,0.0007791667892654433
away_player_PLAYER_YELLOWCARDS_5_last_match_sum_mean,0.0007763459302758366
home_player_PLAYER_ACCURATE_PASSES_PERCENTAGE_season_average_std,0.0007755217561059976
home_player_PLAYER_FOULS_DRAWN_season_std_std,0.0007752721553990035
home_player_PLAYER_BIG_CHANCES_CREATED_season_sum_std,0.0007738155744612743
home_player_PLAYER_ASSISTS_season_average_mean,0.0007716915903435331
home_player_PLAYER_DUELS_WON_5_last_match_std_std,0.0007695714955838435
away_player_PLAYER_GOALS_CONCEDED_5_last_match_average_sum,0.000769376699804262
home_player_PLAYER_YELLOWCARDS_5_last_match_average_mean,0.0007680580011259103
away_player_PLAYER_GOALS_season_sum_sum,0.000767898401605644
away_player_PLAYER_AERIALS_WON_season_std_std,0.0007677007095861269
away_player_PLAYER_DUELS_WON_season_std_std,0.000767142471859295
away_player_PLAYER_YELLOWCARDS_season_sum_sum,0.0007671111710966476
away_player_PLAYER_DRIBBLED_PAST_5_last_match_sum_std,0.0007668043693906195
away_player_PLAYER_DISPOSSESSED_season_std_std,0.00076531457983845
home_player_PLAYER_KEY_PASSES_season_average_std,0.000764824999902578
home_player_PLAYER_STARTING_LINEUP_season_average_std,0.0007641317911295391
home_player_PLAYER_ACCURATE_PASSES_PERCENTAGE_season_std_std,0.0007633472836781286
away_player_PLAYER_STARTING_LINEUP_5_last_match_std_mean,0.0007629505884548208
away_player_PLAYER_GOALKEEPER_GOALS_CONCEDED_5_last_match_sum_mean,0.0007627403381361389
home_player_PLAYER_FOULS_5_last_match_std_std,0.0007617538768269603
home_player_PLAYER_GOALKEEPER_GOALS_CONCEDED_5_last_match_sum_mean,0.0007612981101911801
home_player_PLAYER_OFFSIDES_season_std_std,0.0007609597288839973
home_player_PLAYER_FOULS_season_average_std,0.000759867640105631
home_player_PLAYER_SHOTS_TOTAL_5_last_match_std_std,0.000758379424057161
home_player_PLAYER_INTERCEPTIONS_5_last_match_std_std,0.000758374653896923
home_player_PLAYER_ASSISTS_5_last_match_average_std,0.0007576258016480654
away_player_PLAYER_SHOTS_ON_TARGET_season_average_std,0.0007570366286965031
away_player_PLAYER_DRIBBLED_PAST_5_last_match_average_std,0.0007561870712126366
away_player_PLAYER_DRIBBLED_PAST_5_last_match_std_std,0.0007559967204800515
away_player_PLAYER_FOULS_5_last_match_std_std,0.0007558124547659641
home_player_PLAYER_MINUTES_PLAYED_season_std_sum,0.000754128179218559
away_player_PLAYER_STARTING_LINEUP_season_std_mean,0.0007532918160452193
home_player_PLAYER_AERIALS_WON_season_std_std,0.0007525083744593841
away_player_PLAYER_SHOTS_BLOCKED_5_last_match_std_std,0.000752340963493156
away_player_PLAYER_KEY_PASSES_season_average_std,0.0007516726122509691
home_player_PLAYER_INTERCEPTIONS_5_last_match_std_mean,0.0007511361994128655
home_player_PLAYER_MINUTES_PLAYED_5_last_match_sum_sum,0.0007505541466245013
away_player_PLAYER_DRIBBLED_PAST_season_average_std,0.0007503587565981216
home_teamTEAM_BALL_SAFE_5_last_match_std,0.0007502915896842232
home_player_PLAYER_GOALS_5_last_match_std_mean,0.0007492518948533427
home_player_PLAYER_SHOTS_BLOCKED_season_std_std,0.0007491921625085647
home_player_PLAYER_SUCCESSFUL_DRIBBLES_5_last_match_std_std,0.000747621817560651
away_player_PLAYER_OFFSIDES_5_last_match_std_std,0.0007473364076843156
home_player_PLAYER_AERIALS_WON_5_last_match_std_mean,0.0007472313218672733
home_player_PLAYER_TOTAL_CROSSES_5_last_match_std_std,0.0007466616473339891
home_player_PLAYER_MINUTES_PLAYED_5_last_match_std_sum,0.0007465739585565365
away_player_PLAYER_SHOTS_ON_TARGET_season_std_std,0.0007464191145438817
away_player_PLAYER_CLEARANCES_5_last_match_std_std,0.0007461104484267654
away_player_PLAYER_STARTING_LINEUP_5_last_match_sum_std,0.0007458783165366702
home_player_PLAYER_MINUTES_PLAYED_season_sum_std,0.0007450553828336893
away_player_PLAYER_BIG_CHANCES_CREATED_season_std_mean,0.0007446165477057608
home_player_PLAYER_GOALKEEPER_GOALS_CONCEDED_5_last_match_sum_std,0.00074412332157044
home_player_PLAYER_ACCURATE_PASSES_PERCENTAGE_season_average_mean,0.0007437044660613328
away_player_PLAYER_DUELS_LOST_5_last_match_std_std,0.0007430735406774666
away_player_PLAYER_MINUTES_PLAYED_5_last_match_std_sum,0.0007420692689917866
home_player_PLAYER_BIG_CHANCES_MISSED_season_sum_std,0.0007414362733111348
away_player_PLAYER_KEY_PASSES_5_last_match_std_std,0.0007412720256659596
home_player_PLAYER_FOULS_season_sum_std,0.0007405378004770174
away_player_PLAYER_YELLOWCARDS_season_std_sum,0.0007388181679313775
away_player_PLAYER_DRIBBLED_PAST_season_sum_std,0.0007385941660419115
home_player_PLAYER_MINUTES_PLAYED_5_last_match_average_std,0.0007383833497990089
home_player_PLAYER_MINUTES_PLAYED_5_last_match_average_sum,0.000737546454213628
home_player_PLAYER_BIG_CHANCES_MISSED_5_last_match_std_std,0.0007368563231931098
home_player_PLAYER_CLEARANCES_5_last_match_std_std,0.0007360740947838314
away_player_PLAYER_ACCURATE_PASSES_PERCENTAGE_season_std_mean,0.0007351593149461764
away_player_PLAYER_TOTAL_DUELS_season_std_std,0.0007328279602548167
home_player_PLAYER_GOALS_5_last_match_std_sum,0.0007325899125253443
away_player_PLAYER_OFFSIDES_season_sum_std,0.0007324991138477591
away_player_PLAYER_ACCURATE_PASSES_PERCENTAGE_season_average_std,0.0007316785581141614
away_player_PLAYER_STARTING_LINEUP_season_sum_sum,0.0007316312021163337
away_player_PLAYER_ACCURATE_PASSES_season_sum_std,0.0007294612850228364
away_player_PLAYER_SUCCESSFUL_DRIBBLES_season_std_std,0.0007292048673209589
away_player_PLAYER_YELLOWCARDS_5_last_match_average_mean,0.000728973823513709
home_player_PLAYER_BIG_CHANCES_MISSED_season_std_std,0.0007277257363798774
away_teamTEAM_BALL_SAFE_5_last_match_sum,0.0007273503391066949
home_teamTEAM_BALL_SAFE_season_std,0.0007272117305869883
home_player_PLAYER_GOALKEEPER_GOALS_CONCEDED_5_last_match_average_mean,0.0007270963206743099
home_player_PLAYER_DUELS_WON_season_std_std,0.0007265072490841276
home_player_PLAYER_TACKLES_season_std_std,0.0007259979281009534
away_player_PLAYER_INTERCEPTIONS_5_last_match_std_std,0.0007257165333760905
home_player_PLAYER_ACCURATE_PASSES_season_std_std,0.0007256604439912966
away_player_PLAYER_GOALS_5_last_match_std_sum,0.0007251255046264795
home_player_PLAYER_OFFSIDES_season_sum_std,0.0007248167837605396
home_player_PLAYER_ASSISTS_season_std_sum,0.0007248148543898596
away_player_PLAYER_BLOCKED_SHOTS_season_std_std,0.000724782314169408
home_player_PLAYER_ACCURATE_PASSES_PERCENTAGE_5_last_match_average_std,0.0007243231158651938
away_player_PLAYER_DRIBBLED_PAST_season_std_std,0.0007236760109994328
away_player_PLAYER_BIG_CHANCES_CREATED_5_last_match_average_std,0.0007235558065765675
away_player_PLAYER_KEY_PASSES_5_last_match_std_mean,0.0007230454599604114
away_player_PLAYER_DISPOSSESSED_5_last_match_std_std,0.0007227986043835182
away_player_PLAYER_MINUTES_PLAYED_5_last_match_sum_std,0.000722577671561266
home_player_PLAYER_TOTAL_CROSSES_season_std_std,0.0007222552580499749
away_player_PLAYER_BLOCKED_SHOTS_5_last_match_sum_std,0.0007221569841222118
home_player_PLAYER_HIT_WOODWORK_season_sum_std,0.0007219272220491156
away_player_PLAYER_TOTAL_CROSSES_5_last_match_std_std,0.0007202863253954032
home_player_PLAYER_KEY_PASSES_season_sum_std,0.0007201850281083542
home_player_PLAYER_STARTING_LINEUP_5_last_match_std_mean,0.0007199627534170558
away_player_PLAYER_STARTING_LINEUP_season_sum_mean,0.0007197559336463206
home_player_PLAYER_SUCCESSFUL_DRIBBLES_season_std_std,0.0007188159944391015
away_player_PLAYER_STARTING_LINEUP_5_last_match_std_sum,0.0007184811350961812
home_player_PLAYER_GOALS_season_std_sum,0.0007183485760409482
away_player_PLAYER_BIG_CHANCES_MISSED_season_average_std,0.000717123808465257
home_player_PLAYER_TOTAL_DUELS_season_std_std,0.0007162476794846871
home_player_PLAYER_STARTING_LINEUP_5_last_match_sum_std,0.0007150103230377227
home_player_PLAYER_DRIBBLED_PAST_5_last_match_average_std,0.0007149443203705064
home_player_PLAYER_OFFSIDES_season_average_std,0.0007146388397019018
away_player_PLAYER_SHOTS_ON_TARGET_5_last_match_std_std,0.0007143441806444637
home_player_PLAYER_SHOTS_ON_TARGET_5_last_match_average_std,0.0007136665937069806
home_player_PLAYER_ACCURATE_PASSES_season_sum_sum,0.0007129220641698755
home_player_PLAYER_FOULS_DRAWN_5_last_match_std_std,0.0007128190390220889
away_player_PLAYER_YELLOWCARDS_5_last_match_std_sum,0.000712785020762386
home_player_PLAYER_TACKLES_5_last_match_sum_std,0.0007118920593381244
home_player_PLAYER_BLOCKED_SHOTS_5_last_match_sum_std,0.0007118294008090706
home_player_PLAYER_FOULS_season_std_std,0.0007113339491544336
home_player_PLAYER_ASSISTS_season_sum_sum,0.0007109372797759859
away_player_PLAYER_STARTING_LINEUP_5_last_match_average_std,0.0007102512656190153
away_player_PLAYER_KEY_PASSES_season_average_sum,0.0007100576723880075
home_player_PLAYER_ASSISTS_season_average_sum,0.0007095687774291908
home_player_PLAYER_SHOTS_BLOCKED_season_average_std,0.0007090426489547301
away_player_PLAYER_PASSES_season_sum_mean,0.0007080177172237126
away_player_PLAYER_STARTING_LINEUP_season_average_mean,0.0007071949071363327
home_player_PLAYER_RATING_5_last_match_average_std,0.0007067390508847432
home_player_PLAYER_RATING_5_last_match_std_mean,0.0007066742470669354
home_player_PLAYER_DISPOSSESSED_season_sum_std,0.0007065321409864273
home_player_PLAYER_STARTING_LINEUP_season_sum_sum,0.0007059026311294161
home_player_PLAYER_DUELS_WON_5_last_match_sum_std,0.0007056991006348097
home_player_PLAYER_ACCURATE_PASSES_season_average_std,0.0007041152628742453
home_player_PLAYER_YELLOWCARDS_season_average_sum,0.0007036966137648974
away_player_PLAYER_FOULS_DRAWN_season_std_std,0.0007032177056204336
away_teamTEAM_SHOTS_INSIDEBOX_season_sum,0.0007011810068113826
away_teamTEAM_BALL_SAFE_season_average,0.0007009469954416838
away_player_PLAYER_SHOTS_BLOCKED_season_std_std,0.0007009267645020891
home_player_PLAYER_BLOCKED_SHOTS_season_std_std,0.0007003296381304573
away_player_PLAYER_RATING_5_last_match_average_std,0.0006992423014150895
home_player_PLAYER_BLOCKED_SHOTS_season_sum_std,0.0006990965225655421
home_player_PLAYER_SHOTS_TOTAL_season_std_std,0.000698704325259749
away_player_PLAYER_GOALKEEPER_GOALS_CONCEDED_season_sum_sum,0.0006978755920953477
home_teamTEAM_BALL_SAFE_season_average,0.0006974998513989293
away_player_PLAYER_TOTAL_CROSSES_season_std_std,0.0006961893951940127
away_player_PLAYER_TACKLES_5_last_match_average_std,0.0006948885844760585
home_player_PLAYER_YELLOWCARDS_5_last_match_sum_mean,0.0006943932588656458
home_player_PLAYER_SHOTS_BLOCKED_5_last_match_std_std,0.0006940244948994621
away_player_PLAYER_INTERCEPTIONS_season_std_std,0.0006938209115803867
away_player_PLAYER_BIG_CHANCES_MISSED_5_last_match_sum_std,0.0006936305349158677
away_player_PLAYER_AERIALS_WON_season_sum_std,0.0006936301884653207
home_player_PLAYER_OFFSIDES_5_last_match_std_std,0.0006933507126356983
away_player_PLAYER_BIG_CHANCES_CREATED_season_sum_sum,0.0006924397099134915
away_player_PLAYER_DUELS_LOST_season_sum_std,0.0006922339476966985
away_player_PLAYER_MINUTES_PLAYED_5_last_match_sum_sum,0.0006919942838977451
home_player_PLAYER_PASSES_season_std_std,0.0006913355116265692
away_player_PLAYER_SHOTS_TOTAL_season_std_std,0.0006913152439027195
away_player_PLAYER_FOULS_season_average_std,0.0006909880090229631
away_player_PLAYER_PASSES_season_average_mean,0.0006909714619663325
away_player_PLAYER_TOTAL_DUELS_5_last_match_std_std,0.000689956629334803
away_player_PLAYER_DRIBBLED_ATTEMPTS_season_std_std,0.0006897325463881984
away_player_PLAYER_FOULS_DRAWN_season_average_std,0.0006880535466936144
home_player_PLAYER_BIG_CHANCES_CREATED_season_sum_sum,0.0006879689814873507
home_player_PLAYER_FOULS_5_last_match_sum_std,0.0006876515009873081
home_player_PLAYER_FOULS_5_last_match_average_std,0.0006876049554675634
home_player_PLAYER_MINUTES_PLAYED_season_std_mean,0.000686953992462378
away_player_PLAYER_RATING_season_average_std,0.0006868460127047702
away_teamTEAM_ATTACKS_season_average,0.0006859828965539956
away_player_PLAYER_SUCCESSFUL_DRIBBLES_5_last_match_std_mean,0.0006857449136583152
away_player_PLAYER_SHOTS_BLOCKED_5_last_match_sum_std,0.0006857188435082869
away_teamTEAM_ATTACKS_season_sum,0.000685599343642354
home_player_PLAYER_KEY_PASSES_season_std_std,0.0006854044425389208
away_player_PLAYER_FOULS_5_last_match_std_mean,0.000684601919286103
home_player_PLAYER_STARTING_LINEUP_season_sum_mean,0.0006839634166506281
away_player_PLAYER_GOALS_season_std_sum,0.0006824021232793346
home_player_PLAYER_SHOTS_ON_TARGET_season_std_std,0.000681882619270968
away_player_PLAYER_SHOTS_BLOCKED_season_sum_std,0.0006813034396050577
away_player_PLAYER_PASSES_5_last_match_std_std,0.0006803563561023154
away_player_PLAYER_TACKLES_season_sum_std,0.0006800325026693991
home_player_PLAYER_DISPOSSESSED_season_std_std,0.0006793218349458507
home_player_PLAYER_SHOTS_BLOCKED_5_last_match_sum_std,0.0006792558925789817
away_player_PLAYER_RATING_5_last_match_std_mean,0.0006791141535376897
away_player_PLAYER_BIG_CHANCES_MISSED_5_last_match_std_std,0.0006782444424139859
home_player_PLAYER_DUELS_LOST_season_std_std,0.0006774611646754793
away_teamTEAM_BALL_POSSESSION_5_last_match_average,0.000676745480396875
away_player_PLAYER_BIG_CHANCES_MISSED_season_std_std,0.0006765170816306416
away_player_PLAYER_SHOTS_BLOCKED_5_last_match_average_std,0.0006753953674846747
away_player_PLAYER_MINUTES_PLAYED_season_sum_mean,0.000675281803136629
home_player_PLAYER_SHOTS_ON_TARGET_5_last_match_sum_std,0.0006748998757043213
home_player_PLAYER_OFFSIDES_season_sum_mean,0.0006748374817134116
home_player_PLAYER_BLOCKED_SHOTS_season_sum_mean,0.000674382565535125
home_player_PLAYER_FOULS_DRAWN_5_last_match_std_mean,0.0006741713714492953
away_player_PLAYER_ACCURATE_CROSSES_season_std_std,0.0006741361866803518
away_player_PLAYER_FOULS_5_last_match_sum_std,0.0006738465183599297
away_player_PLAYER_PASSES_season_average_std,0.0006732537329589471
home_player_PLAYER_CLEARANCES_season_std_mean,0.0006725104401060015
home_player_PLAYER_TOTAL_CROSSES_season_sum_std,0.0006718968744277942
home_teamTEAM_BALL_SAFE_5_last_match_sum,0.0006712219325174369
away_player_PLAYER_ACCURATE_PASSES_5_last_match_std_std,0.0006704813381153665
home_player_PLAYER_INTERCEPTIONS_5_last_match_sum_std,0.0006694957020987919
away_player_PLAYER_TACKLES_5_last_match_std_mean,0.000669198851299023
away_player_PLAYER_SHOTS_BLOCKED_season_average_std,0.0006691016001230856
away_player_PLAYER_CLEARANCES_5_last_match_sum_std,0.0006681918201155132
home_teamTEAM_BALL_SAFE_5_last_match_average,0.0006680290999129563
home_player_PLAYER_CLEARANCES_5_last_match_sum_std,0.0006680151435746542
away_player_PLAYER_ACCURATE_PASSES_PERCENTAGE_5_last_match_average_mean,0.0006675956225462483
away_player_PLAYER_SHOTS_ON_TARGET_5_last_match_sum_std,0.0006669003760207656
home_teamTEAM_ATTACKS_5_last_match_std,0.0006661376768081944
home_player_PLAYER_BIG_CHANCES_CREATED_season_average_std,0.0006646754211281623
home_teamTEAM_SHOTS_TOTAL_season_std,0.0006646660309561278
home_player_PLAYER_TACKLES_season_average_std,0.000664285049854853
home_player_PLAYER_STARTING_LINEUP_season_std_mean,0.0006634964875531135
away_player_PLAYER_BIG_CHANCES_CREATED_season_average_sum,0.0006632888143609149
home_player_PLAYER_MINUTES_PLAYED_5_last_match_sum_std,0.0006627266601704081
home_player_PLAYER_TACKLES_season_sum_std,0.0006625182154093582
home_player_PLAYER_SHOTS_TOTAL_season_average_std,0.0006624228625438705
home_player_PLAYER_HIT_WOODWORK_season_average_std,0.0006621728785141684
home_player_PLAYER_BIG_CHANCES_CREATED_season_std_std,0.0006615324599909469
away_player_PLAYER_FOULS_5_last_match_average_std,0.0006596768654113203
away_player_PLAYER_DRIBBLED_ATTEMPTS_season_sum_std,0.0006590627051051407
home_player_PLAYER_STARTING_LINEUP_5_last_match_average_std,0.0006586981257601212
away_player_PLAYER_BIG_CHANCES_MISSED_season_average_mean,0.0006580982319328497
away_player_PLAYER_MINUTES_PLAYED_season_average_mean,0.0006574705888175971
home_player_PLAYER_CLEARANCES_season_average_std,0.0006571722421901257
away_player_PLAYER_MINUTES_PLAYED_season_sum_sum,0.0006563250813192969
away_player_PLAYER_RATING_season_std_std,0.0006557295792625974
home_player_PLAYER_ACCURATE_CROSSES_season_std_std,0.0006556683124019096
home_player_PLAYER_DISPOSSESSED_season_average_std,0.0006544633388223923
away_player_PLAYER_CLEARANCES_season_average_std,0.0006530148349155567
away_player_PLAYER_DRIBBLED_PAST_5_last_match_std_mean,0.0006529492126990779
home_player_PLAYER_PENALTIES_SCORED_season_std_mean,0.0006523851135161389
away_player_PLAYER_CAPTAIN_5_last_match_sum_mean,0.0006514348122773012
away_player_PLAYER_DUELS_WON_5_last_match_std_std,0.0006503575414993813
away_player_PLAYER_TOTAL_DUELS_5_last_match_sum_std,0.000650098977403296
home_player_PLAYER_BLOCKED_SHOTS_season_average_mean,0.0006500243164173944
home_teamTEAM_BALL_SAFE_season_sum,0.0006497550869052482
away_player_PLAYER_BIG_CHANCES_MISSED_season_sum_std,0.0006497005278882814
away_player_PLAYER_FOULS_season_sum_std,0.000649117915350305
home_player_PLAYER_FOULS_5_last_match_std_mean,0.0006474820255068041
home_player_PLAYER_ACCURATE_CROSSES_season_average_std,0.000646954203888002
home_player_PLAYER_SUCCESSFUL_DRIBBLES_season_average_std,0.0006467024800105322
home_player_PLAYER_BIG_CHANCES_CREATED_5_last_match_std_std,0.0006463119161352203
home_player_PLAYER_CLEARANCES_season_sum_std,0.0006451844465910014
home_player_PLAYER_SHOTS_BLOCKED_season_sum_std,0.0006450052520201623
home_player_PLAYER_BIG_CHANCES_CREATED_5_last_match_average_std,0.0006443588596349448
away_player_PLAYER_DUELS_LOST_5_last_match_std_mean,0.0006437031888502115
home_player_PLAYER_DUELS_WON_season_sum_std,0.000643370400506696
away_player_PLAYER_DUELS_LOST_season_average_std,0.0006432786148028381
away_player_PLAYER_BIG_CHANCES_CREATED_5_last_match_std_std,0.0006421826112355651
home_player_PLAYER_RATING_season_average_std,0.000640853927283903
away_player_PLAYER_CLEARANCES_5_last_match_std_mean,0.0006407329180067657
away_player_PLAYER_BLOCKED_SHOTS_season_sum_mean,0.0006404762416957505
away_player_PLAYER_GOALS_5_last_match_average_mean,0.0006403323235138308
home_player_PLAYER_KEY_PASSES_5_last_match_std_mean,0.0006403004484944867
away_player_PLAYER_DISPOSSESSED_season_sum_std,0.0006400364233693219
away_player_PLAYER_ASSISTS_5_last_match_std_sum,0.0006392019322096215
away_player_PLAYER_MINUTES_PLAYED_season_std_sum,0.0006378307107717856
home_player_PLAYER_RATING_season_std_mean,0.0006378026504042463
home_player_PLAYER_BIG_CHANCES_MISSED_5_last_match_std_mean,0.0006373278976732531
away_player_PLAYER_OFFSIDES_season_average_mean,0.0006369888025891044
home_player_PLAYER_ACCURATE_CROSSES_5_last_match_std_std,0.00063652219617407
home_player_PLAYER_SAVES_season_std_std,0.0006359934032024342
home_player_PLAYER_KEY_PASSES_5_last_match_sum_std,0.0006345112975998131
away_player_PLAYER_HIT_WOODWORK_season_sum_std,0.000632783669585064
home_player_PLAYER_DUELS_LOST_season_average_std,0.0006322802312451956
away_player_PLAYER_CAPTAIN_season_sum_sum,0.0006320241273390256
home_player_PLAYER_CLEARANCES_5_last_match_average_std,0.0006316982461778735
away_player_PLAYER_MINUTES_PLAYED_5_last_match_average_mean,0.0006314371556743238
away_player_PLAYER_DRIBBLED_ATTEMPTS_season_average_std,0.0006311306355984479
home_player_PLAYER_GOALS_5_last_match_sum_mean,0.0006308547704271506
home_player_PLAYER_OFFSIDES_5_last_match_sum_std,0.0006306943894442425
home_player_PLAYER_BIG_CHANCES_CREATED_season_average_mean,0.0006302518576404405
home_player_PLAYER_CLEARANCES_5_last_match_std_mean,0.0006301700202245644
home_player_PLAYER_CLEARANCES_season_sum_mean,0.0006301213247559845
home_player_PLAYER_OFFSIDES_5_last_match_average_std,0.0006288873411844427
away_player_PLAYER_BLOCKED_SHOTS_season_average_mean,0.0006286465798705336
away_player_PLAYER_DUELS_LOST_season_std_std,0.0006276873490903133
away_player_PLAYER_TOTAL_DUELS_season_average_std,0.0006274237083628871
away_player_PLAYER_BIG_CHANCES_MISSED_season_sum_mean,0.0006270805178576852
away_player_PLAYER_DUELS_WON_5_last_match_sum_std,0.0006264792524054954
away_player_PLAYER_HIT_WOODWORK_season_std_std,0.0006257196466427218
home_player_PLAYER_CLEARANCES_5_last_match_sum_mean,0.0006255167784479013
home_player_PLAYER_BLOCKED_SHOTS_5_last_match_average_std,0.0006253587615199352
away_player_PLAYER_GOALKEEPER_GOALS_CONCEDED_5_last_match_std_sum,0.0006247933373249181
home_player_PLAYER_STARTING_LINEUP_5_last_match_std_sum,0.0006240665950547346
away_player_PLAYER_BIG_CHANCES_CREATED_5_last_match_sum_std,0.0006230013781051855
home_player_PLAYER_BIG_CHANCES_CREATED_season_sum_mean,0.0006228930024479637
home_player_PLAYER_TACKLES_5_last_match_std_mean,0.0006228853572970631
away_player_PLAYER_TACKLES_season_average_std,0.0006225301647229147
away_player_PLAYER_SAVES_season_sum_std,0.0006221472551885958
home_player_PLAYER_ACCURATE_CROSSES_season_sum_std,0.0006218527795398416
away_player_PLAYER_DUELS_WON_5_last_match_std_mean,0.0006216686455833957
home_player_PLAYER_SAVES_INSIDE_BOX_season_std_std,0.0006197614509942809
home_player_PLAYER_INTERCEPTIONS_season_average_std,0.0006194087048192253
away_teamTEAM_CORNERS_season_sum,0.0006194049965010845
away_player_PLAYER_OFFSIDES_5_last_match_std_mean,0.0006193938054909495
home_teamTEAM_DANGEROUS_ATTACKS_5_last_match_std,0.0006190210101021051
away_player_PLAYER_SAVES_season_std_std,0.0006183308354724832
home_player_PLAYER_PASSES_season_average_std,0.000618273167433871
home_player_PLAYER_DRIBBLED_PAST_season_sum_mean,0.0006178332912407729
away_player_PLAYER_ACCURATE_CROSSES_5_last_match_std_std,0.0006177338981841533
away_player_PLAYER_DRIBBLED_ATTEMPTS_5_last_match_std_mean,0.0006173854743130978
home_player_PLAYER_DUELS_WON_5_last_match_std_mean,0.000617308618260603
home_player_PLAYER_TOTAL_DUELS_season_average_std,0.0006171770780184794
home_player_PLAYER_SHOTS_TOTAL_season_sum_std,0.0006160521485655248
away_player_PLAYER_BLOCKED_SHOTS_5_last_match_average_mean,0.0006159283166101107
away_player_PLAYER_FOULS_DRAWN_5_last_match_std_mean,0.0006156412359547151
home_player_PLAYER_BIG_CHANCES_MISSED_season_sum_mean,0.0006155774362253002
home_player_PLAYER_HIT_WOODWORK_season_std_std,0.0006155124675823844
home_player_PLAYER_KEY_PASSES_season_average_mean,0.0006149087948161423
home_player_PLAYER_MINUTES_PLAYED_season_average_mean,0.0006142200649178407
home_player_PLAYER_DISPOSSESSED_5_last_match_sum_std,0.0006126608824313716
away_player_PLAYER_STARTING_LINEUP_season_std_sum,0.0006121592593001888
home_player_PLAYER_YELLOWCARDS_5_last_match_average_sum,0.0006121207166062467
home_player_PLAYER_BLOCKED_SHOTS_5_last_match_std_mean,0.000611905752684477
away_player_PLAYER_BLOCKED_SHOTS_5_last_match_std_mean,0.0006118920978307115
away_player_PLAYER_OFFSIDES_5_last_match_average_std,0.0006110961012855701
away_player_PLAYER_ASSISTS_5_last_match_average_mean,0.0006095320810670294
away_player_PLAYER_TOTAL_CROSSES_5_last_match_sum_std,0.0006079652564533726
away_player_PLAYER_RATING_season_average_mean,0.0006079068182834119
away_player_PLAYER_SUCCESSFUL_DRIBBLES_season_sum_mean,0.0006074933641010673
away_player_PLAYER_KEY_PASSES_season_std_mean,0.0006071176695174279
home_player_PLAYER_TACKLES_5_last_match_average_std,0.0006065495659940482
away_teamTEAM_INJURIES_season_sum,0.0006065360968466808
home_player_PLAYER_ACCURATE_PASSES_season_sum_std,0.0006062274363495099
home_player_PLAYER_MINUTES_PLAYED_season_sum_mean,0.0006057773608274794
away_player_PLAYER_SUCCESSFUL_DRIBBLES_season_sum_std,0.0006056781554983637
away_player_PLAYER_INTERCEPTIONS_5_last_match_std_mean,0.0006054752400927659
away_teamTEAM_SHOTS_OFF_TARGET_5_last_match_std,0.0006051960704352231
away_teamTEAM_SHOTS_TOTAL_5_last_match_sum,0.0006051909807179433
away_player_PLAYER_SAVES_INSIDE_BOX_season_std_std,0.0006048077004245937
home_teamTEAM_INJURIES_season_average,0.0006044413201809325
home_teamTEAM_CORNERS_season_std,0.0006042894050951457
away_player_PLAYER_TOTAL_CROSSES_season_std_mean,0.0006022160349952719
home_player_PLAYER_DRIBBLED_PAST_season_std_mean,0.0006017166576571951
home_player_PLAYER_FOULS_DRAWN_5_last_match_sum_std,0.0006014734706787757
home_player_PLAYER_HIT_WOODWORK_season_average_mean,0.0006013668003687869
away_player_PLAYER_PASSES_season_std_std,0.0006008112195482821
away_player_PLAYER_BLOCKED_SHOTS_5_last_match_average_std,0.0006005165654447062
away_player_PLAYER_DUELS_WON_season_sum_std,0.0006003672285667518
away_player_PLAYER_KEY_PASSES_season_sum_mean,0.0006000398464138098
away_player_PLAYER_DRIBBLED_ATTEMPTS_season_sum_mean,0.0005993802495447601
home_player_PLAYER_TOTAL_CROSSES_5_last_match_std_mean,0.0005989609332082112
away_player_PLAYER_DRIBBLED_PAST_5_last_match_average_mean,0.0005989349233605445
away_player_PLAYER_SAVES_INSIDE_BOX_season_average_std,0.000598583086332682
away_player_PLAYER_TACKLES_5_last_match_sum_std,0.0005982753005351065
home_player_PLAYER_FOULS_DRAWN_5_last_match_average_std,0.0005980175699041575
home_player_PLAYER_DRIBBLED_ATTEMPTS_season_std_std,0.0005977880448356786
away_player_PLAYER_DRIBBLED_PAST_season_sum_mean,0.0005972033527255577
home_player_PLAYER_ACCURATE_PASSES_5_last_match_std_std,0.0005966669005732867
away_player_PLAYER_FOULS_DRAWN_season_sum_std,0.0005955591817779951
home_player_PLAYER_SHOTS_BLOCKED_5_last_match_average_std,0.000595467984906279
home_player_PLAYER_DUELS_WON_5_last_match_average_std,0.000595463945754805
away_player_PLAYER_RATING_season_std_mean,0.0005949517057498558
away_player_PLAYER_INTERCEPTIONS_5_last_match_average_std,0.0005942087315624318
home_player_PLAYER_TOTAL_CROSSES_season_average_std,0.0005941366624006119
home_player_PLAYER_ACCURATE_PASSES_season_sum_mean,0.0005940606138050077
home_player_PLAYER_SAVES_season_std_mean,0.0005932649752956144
home_teamTEAM_ATTACKS_season_sum,0.0005926826327667007
home_player_PLAYER_KEY_PASSES_season_sum_sum,0.0005925936727189545
home_player_PLAYER_DUELS_WON_season_average_std,0.0005923001905812016
away_player_PLAYER_INTERCEPTIONS_5_last_match_sum_std,0.000591938883837384
home_player_PLAYER_FOULS_DRAWN_season_average_std,0.0005916154618015913
home_player_PLAYER_ASSISTS_5_last_match_std_sum,0.0005907801199138106
away_player_PLAYER_PASSES_season_average_sum,0.0005907158865790513
away_teamTEAM_SUCCESSFUL_PASSES_PERCENTAGE_season_average,0.0005903167495142466
home_teamTEAM_INJURIES_season_sum,0.0005898919312083652
away_player_PLAYER_OFFSIDES_season_std_mean,0.0005898748205236833
away_player_PLAYER_DRIBBLED_PAST_season_average_mean,0.000589643943954562
home_player_PLAYER_PENALTIES_COMMITTED_season_average_std,0.0005887596863822587
home_player_PLAYER_PASSES_5_last_match_sum_std,0.0005882910732471731
home_teamTEAM_SHOTS_ON_TARGET_5_last_match_std,0.0005877415131343605
away_teamTEAM_BALL_SAFE_season_sum,0.0005875777199792349
home_player_PLAYER_CAPTAIN_5_last_match_sum_std,0.000586596543141128
home_player_PLAYER_MINUTES_PLAYED_5_last_match_sum_mean,0.0005862944923568527
home_player_PLAYER_DRIBBLED_PAST_5_last_match_sum_std,0.0005858287479566735
home_player_PLAYER_DISPOSSESSED_5_last_match_std_std,0.0005856601763021886
away_player_PLAYER_SHOTS_ON_TARGET_5_last_match_average_std,0.0005847211868404171
away_player_PLAYER_SUCCESSFUL_DRIBBLES_season_average_std,0.0005846349128572236
home_player_PLAYER_STARTING_LINEUP_season_sum_std,0.0005841185598535108
away_player_PLAYER_ACCURATE_CROSSES_season_average_std,0.0005839692347952528
home_teamTEAM_SAVES_season_sum,0.0005836893105607774
home_player_PLAYER_STARTING_LINEUP_season_average_mean,0.0005830338746201483
away_teamTEAM_YELLOWCARDS_5_last_match_std,0.0005822726420249127
home_teamTEAM_GOALS_season_average,0.0005821334985204071
home_player_PLAYER_GOALS_5_last_match_average_mean,0.0005820433662272912
home_player_PLAYER_DISPOSSESSED_5_last_match_average_std,0.0005812437999479687
away_player_PLAYER_BIG_CHANCES_MISSED_5_last_match_std_mean,0.000581195467145348
home_player_PLAYER_BIG_CHANCES_CREATED_5_last_match_sum_std,0.0005811149525408957
away_player_PLAYER_CLEARANCES_season_sum_mean,0.0005805175342626732
home_player_PLAYER_BIG_CHANCES_CREATED_5_last_match_std_mean,0.0005803791325841535
away_player_PLAYER_FOULS_DRAWN_5_last_match_std_sum,0.0005796817072821559
away_player_PLAYER_GOALS_5_last_match_sum_mean,0.0005793387328850558
home_teamTEAM_ATTACKS_season_average,0.0005789901966838808
away_player_PLAYER_DRIBBLED_PAST_5_last_match_sum_mean,0.0005787522292762243
home_player_PLAYER_AERIALS_WON_season_std_mean,0.0005784451546548262
away_player_PLAYER_MINUTES_PLAYED_5_last_match_sum_mean,0.0005779798465444416
away_player_PLAYER_PASSES_season_sum_std,0.0005779000738018908
away_player_PLAYER_ASSISTS_5_last_match_sum_mean,0.0005776023768276276
away_player_PLAYER_BIG_CHANCES_CREATED_season_std_sum,0.0005770856554656519
away_player_PLAYER_ACCURATE_CROSSES_5_last_match_std_mean,0.0005762827629430611
home_teamTEAM_INJURIES_5_last_match_sum,0.0005745502041524426
away_player_PLAYER_INTERCEPTIONS_season_sum_mean,0.0005740090680949565
away_player_PLAYER_TOTAL_CROSSES_season_sum_std,0.0005738367401635632
away_player_PLAYER_ACCURATE_PASSES_5_last_match_std_mean,0.0005737790250803522
home_player_PLAYER_ASSISTS_5_last_match_average_mean,0.0005733894276289728
home_player_PLAYER_CLEARANCES_season_sum_sum,0.0005732077402837616
away_player_PLAYER_ACCURATE_CROSSES_season_sum_std,0.0005729629694945929
away_player_PLAYER_CLEARANCES_5_last_match_average_std,0.0005729460821644254
away_player_PLAYER_DUELS_WON_season_average_std,0.0005725852166041231
away_player_PLAYER_DUELS_LOST_5_last_match_sum_std,0.0005721369873926289
home_player_PLAYER_INTERCEPTIONS_season_sum_mean,0.0005711864395796977
home_teamTEAM_CORNERS_season_average,0.0005710779908972296
home_player_PLAYER_PASSES_5_last_match_std_std,0.0005709894913364311
away_teamTEAM_INJURIES_5_last_match_std,0.0005701031914126157
away_player_PLAYER_SAVES_INSIDE_BOX_season_std_mean,0.0005695865610330852
home_player_PLAYER_ASSISTS_5_last_match_sum_mean,0.0005694438331402844
away_player_PLAYER_YELLOWCARDS_5_last_match_average_sum,0.000569337207461455
home_player_PLAYER_INTERCEPTIONS_5_last_match_average_std,0.0005687490000825285
away_player_PLAYER_SAVES_season_std_mean,0.000568289659074188
away_player_PLAYER_BIG_CHANCES_MISSED_5_last_match_average_std,0.0005682375142166758
home_player_PLAYER_KEY_PASSES_5_last_match_std_sum,0.0005680641532474155
away_player_PLAYER_INTERCEPTIONS_season_average_std,0.0005679944706592509
home_player_PLAYER_AERIALS_WON_season_sum_std,0.0005675567917738715
home_player_PLAYER_TOTAL_DUELS_season_sum_std,0.000567339441171165
home_player_PLAYER_GOALKEEPER_GOALS_CONCEDED_season_std_sum,0.0005672069980480597
home_player_PLAYER_ACCURATE_PASSES_5_last_match_sum_std,0.0005647824278250889
away_player_PLAYER_DUELS_WON_season_std_mean,0.000564326980125631
home_player_PLAYER_SAVES_5_last_match_std_mean,0.0005638725768646587
home_teamTEAM_SAVES_season_average,0.0005638065237288043
home_player_PLAYER_SAVES_INSIDE_BOX_5_last_match_std_std,0.0005635662246630331
home_player_PLAYER_SHOTS_TOTAL_5_last_match_sum_std,0.0005635150321112509
home_player_PLAYER_TOTAL_DUELS_5_last_match_std_mean,0.0005633736756513691
away_player_PLAYER_DUELS_LOST_5_last_match_average_std,0.0005624908864449476
home_player_PLAYER_TOTAL_DUELS_5_last_match_sum_std,0.0005622788846120959
home_player_PLAYER_TOTAL_CROSSES_5_last_match_std_sum,0.000560830127713493
away_player_PLAYER_DRIBBLED_ATTEMPTS_season_std_mean,0.0005606379414739424
away_teamTEAM_INJURIES_season_std,0.0005600288751084416
away_player_PLAYER_HIT_WOODWORK_season_std_mean,0.0005598219701988993
home_player_PLAYER_BIG_CHANCES_MISSED_5_last_match_sum_std,0.0005595789940406736
home_player_PLAYER_SUCCESSFUL_DRIBBLES_season_sum_std,0.00055905574804379
away_player_PLAYER_DRIBBLED_PAST_season_std_mean,0.0005586498758359375
home_player_PLAYER_PENALTIES_SCORED_season_std_std,0.0005582657000665886
home_player_PLAYER_CAPTAIN_season_sum_sum,0.0005576169247208651
home_player_PLAYER_OFFSIDES_season_average_mean,0.000557577706010104
home_player_PLAYER_FOULS_5_last_match_std_sum,0.0005575069021097356
home_player_PLAYER_KEY_PASSES_season_sum_mean,0.000556737205331909
away_player_PLAYER_DISPOSSESSED_5_last_match_sum_std,0.0005567085237569774
away_teamTEAM_CORNERS_season_average,0.0005564513420231728
home_player_PLAYER_CLEARANCES_5_last_match_average_mean,0.0005564123267899734
away_player_PLAYER_BIG_CHANCES_CREATED_5_last_match_std_mean,0.0005563252243143693
home_player_PLAYER_AERIALS_WON_5_last_match_std_sum,0.0005562117243961985
home_player_PLAYER_DUELS_LOST_season_std_mean,0.0005560245136567982
away_player_PLAYER_OFFSIDES_5_last_match_sum_std,0.0005553286937503611
home_player_PLAYER_BIG_CHANCES_MISSED_5_last_match_average_std,0.0005549254926767
home_teamTEAM_CORNERS_5_last_match_average,0.0005548056695073278
home_teamTEAM_SHOTS_OFF_TARGET_season_std,0.0005547904250440147
away_player_PLAYER_BIG_CHANCES_MISSED_5_last_match_average_mean,0.0005546653340312735
home_player_PLAYER_TOTAL_CROSSES_5_last_match_average_std,0.0005544016650386549
away_player_PLAYER_SHOTS_TOTAL_season_average_std,0.0005542301560335156
home_player_PLAYER_SHOTS_TOTAL_5_last_match_average_std,0.0005539488972474982
away_player_PLAYER_SUCCESSFUL_DRIBBLES_season_average_mean,0.0005536124086303702
home_teamTEAM_INJURIES_5_last_match_average,0.0005531402836888206
away_player_PLAYER_INTERCEPTIONS_5_last_match_std_sum,0.000553132261835387
home_player_PLAYER_DRIBBLED_PAST_5_last_match_std_mean,0.0005528669609063413
home_player_PLAYER_OFFSIDES_season_sum_sum,0.0005528629967667722
home_teamTEAM_GOALS_season_sum,0.000552581406775721
home_player_PLAYER_PASSES_season_sum_sum,0.0005525008300287042
home_player_PLAYER_ACCURATE_PASSES_5_last_match_average_std,0.00055246144431249
away_player_PLAYER_DISPOSSESSED_5_last_match_average_std,0.0005519083047889508
away_player_PLAYER_FOULS_5_last_match_std_sum,0.0005515928294388799
home_player_PLAYER_FOULS_DRAWN_5_last_match_std_sum,0.0005515025915581333
away_player_PLAYER_CLEARANCES_season_sum_sum,0.0005513109524371806
away_player_PLAYER_CLEARANCES_season_std_mean,0.0005512575510068491
away_player_PLAYER_OFFSIDES_season_sum_mean,0.0005510432690685283
home_player_PLAYER_DRIBBLED_ATTEMPTS_season_average_std,0.0005506719104561275
home_player_PLAYER_PASSES_season_sum_mean,0.0005502426984581835
away_player_PLAYER_SUCCESSFUL_DRIBBLES_5_last_match_average_std,0.0005501383981312291
home_player_PLAYER_FOULS_DRAWN_season_sum_std,0.0005500525486099042
home_player_PLAYER_AERIALS_WON_5_last_match_sum_std,0.0005500096898036488
away_player_PLAYER_FOULS_DRAWN_5_last_match_sum_std,0.0005498216613210252
home_player_PLAYER_KEY_PASSES_5_last_match_average_std,0.0005497008190971503
home_teamTEAM_CORNERS_season_sum,0.0005496092013692792
away_player_PLAYER_HIT_WOODWORK_season_average_std,0.0005494922703620817
away_teamTEAM_INJURIES_5_last_match_average,0.0005492703110659244
away_player_PLAYER_TOTAL_CROSSES_season_average_mean,0.0005492567531495315
away_player_PLAYER_SAVES_season_average_std,0.0005491840225751721
home_player_PLAYER_DUELS_LOST_5_last_match_std_mean,0.0005491027260735009
home_teamTEAM_DANGEROUS_ATTACKS_season_std,0.0005489192835034911
home_player_PLAYER_FOULS_DRAWN_season_sum_mean,0.0005487167641237957
away_player_PLAYER_DRIBBLED_ATTEMPTS_5_last_match_sum_mean,0.0005486670594626196
home_player_PLAYER_OFFSIDES_5_last_match_std_mean,0.0005481988494613998
away_teamTEAM_INJURIES_season_average,0.0005473928503115336
away_player_PLAYER_FOULS_5_last_match_average_mean,0.0005472852459583748
home_player_PLAYER_DUELS_LOST_5_last_match_average_std,0.000547026793476551
home_player_PLAYER_SHOTS_TOTAL_5_last_match_std_mean,0.0005466357806701481
home_player_PLAYER_TACKLES_season_std_mean,0.0005461356638042696
away_teamTEAM_BALL_POSSESSION_5_last_match_std,0.0005456880685250387
home_player_PLAYER_RATING_5_last_match_average_mean,0.0005455348265882063
away_teamTEAM_FOULS_5_last_match_std,0.0005448573311066183
home_teamTEAM_GOALS_5_last_match_std,0.0005448177137260208
away_player_PLAYER_TOTAL_DUELS_5_last_match_std_mean,0.0005447627632795701
away_player_PLAYER_SHOTS_TOTAL_season_sum_std,0.0005440325505924545
home_player_PLAYER_SUCCESSFUL_DRIBBLES_5_last_match_sum_std,0.0005437651221893325
home_player_PLAYER_DRIBBLED_ATTEMPTS_5_last_match_sum_std,0.000543674979352426
away_player_PLAYER_ACCURATE_CROSSES_5_last_match_average_std,0.0005436749739579183
away_player_PLAYER_GOALKEEPER_GOALS_CONCEDED_season_std_sum,0.0005435813759399271
away_player_PLAYER_KEY_PASSES_5_last_match_sum_std,0.0005434481961185183
home_player_PLAYER_SAVES_season_average_mean,0.000543155831126312
away_player_PLAYER_PENALTIES_SCORED_season_sum_std,0.0005422758177926433
away_player_PLAYER_BIG_CHANCES_MISSED_season_std_mean,0.0005418610950905039
home_player_PLAYER_BIG_CHANCES_MISSED_season_sum_sum,0.0005418117999540999
home_player_PLAYER_TOTAL_DUELS_5_last_match_average_std,0.0005415984585596877
away_teamTEAM_INJURIES_5_last_match_sum,0.0005412930228888026
home_player_PLAYER_RATING_season_average_mean,0.0005409171847202833
away_player_PLAYER_KEY_PASSES_5_last_match_sum_sum,0.0005405933537901128
home_player_PLAYER_ACCURATE_CROSSES_5_last_match_average_std,0.0005393587314014769
away_player_PLAYER_TOTAL_CROSSES_season_average_std,0.0005393331296558578
home_player_PLAYER_BIG_CHANCES_MISSED_season_std_mean,0.0005388068570391975
home_player_PLAYER_SHOTS_ON_TARGET_5_last_match_std_mean,0.0005385579868940104
home_player_PLAYER_DRIBBLED_PAST_5_last_match_sum_mean,0.000537918579548722
home_player_PLAYER_PENALTIES_SCORED_season_sum_std,0.0005376077118445336
home_player_PLAYER_STARTING_LINEUP_season_std_sum,0.000537566187648033
away_player_PLAYER_DISPOSSESSED_season_average_mean,0.0005374661471287942
away_player_PLAYER_SHOTS_TOTAL_5_last_match_std_mean,0.0005374164431079374
away_player_PLAYER_DRIBBLED_ATTEMPTS_5_last_match_sum_std,0.0005373905267805671
home_teamTEAM_OFFSIDES_5_last_match_std,0.0005370951893959723
home_player_PLAYER_AERIALS_WON_season_average_std,0.0005369503589465832
home_player_PLAYER_SHOTS_ON_TARGET_season_average_std,0.0005359869135742907
home_player_PLAYER_SUCCESSFUL_DRIBBLES_season_sum_mean,0.0005355890576051344
away_player_PLAYER_AERIALS_WON_5_last_match_std_mean,0.000535279519391194
away_player_PLAYER_TOTAL_CROSSES_5_last_match_std_sum,0.0005345949644510476
home_teamTEAM_INJURIES_season_std,0.0005338970036005971
home_player_PLAYER_MINUTES_PLAYED_5_last_match_average_mean,0.0005337622722049855
home_teamTEAM_BALL_POSSESSION_5_last_match_std,0.0005335544600925927
away_player_PLAYER_OFFSIDES_5_last_match_std_sum,0.0005329449531093975
away_player_PLAYER_TACKLES_season_sum_mean,0.0005327624191356476
home_teamTEAM_SUBSTITUTIONS_season_std,0.0005327444038255503
away_player_PLAYER_CLEARANCES_5_last_match_std_sum,0.00053241365516003
away_player_PLAYER_SAVES_5_last_match_std_std,0.0005318445505836361
home_player_PLAYER_DISPOSSESSED_season_std_mean,0.000531635365690399
away_player_PLAYER_AERIALS_WON_5_last_match_sum_std,0.0005310011118193344
away_teamTEAM_BALL_POSSESSION_season_std,0.0005309606448304402
away_player_PLAYER_SAVES_INSIDE_BOX_5_last_match_std_mean,0.0005307192246736907
home_player_PLAYER_BLOCKED_SHOTS_5_last_match_std_sum,0.0005307137806336657
away_player_PLAYER_DRIBBLED_ATTEMPTS_5_last_match_average_std,0.0005297785529932608
home_player_PLAYER_YELLOWCARDS_5_last_match_sum_sum,0.0005292272748386922
away_player_PLAYER_KEY_PASSES_5_last_match_average_std,0.0005291379016450559
away_teamTEAM_SHOTS_OFF_TARGET_season_std,0.0005291342059359218
home_player_PLAYER_CAPTAIN_5_last_match_sum_mean,0.000528904161935825
away_player_PLAYER_SHOTS_BLOCKED_5_last_match_std_mean,0.0005288507582091394
home_player_PLAYER_TOTAL_CROSSES_5_last_match_sum_std,0.000528306229067017
away_player_PLAYER_ACCURATE_PASSES_season_std_mean,0.0005276475836800791
home_player_PLAYER_BLOCKED_SHOTS_season_sum_sum,0.0005274103670989793
away_teamTEAM_SHOTS_TOTAL_season_std,0.0005272054710789815
away_teamTEAM_CORNERS_season_std,0.0005267761030039394
home_player_PLAYER_SUCCESSFUL_DRIBBLES_5_last_match_average_std,0.0005266784937572251
home_player_PLAYER_SHOTS_ON_TARGET_season_sum_mean,0.0005263170220314226
home_player_PLAYER_HIT_WOODWORK_season_std_mean,0.0005257794745719204
home_teamTEAM_SHOTS_OFF_TARGET_5_last_match_std,0.0005255233851079071
away_player_PLAYER_GOALS_5_last_match_average_sum,0.0005255124512024758
home_player_PLAYER_DRIBBLED_ATTEMPTS_5_last_match_average_std,0.0005250283793622759
home_player_PLAYER_AERIALS_WON_season_sum_mean,0.0005247277939530516
